Timestamp,Visit Count,Title,URL
2025-07-24 12:50:05.026000,1243,Google,https://www.google.com/
2025-07-24 12:49:57.457000,3,flask-docker-logger/Webserver/templates at main · bgockeln/flask-docker-logger,https://github.com/bgockeln/flask-docker-logger/tree/main/Webserver/templates
2025-07-24 12:49:55.014000,3,flask-docker-logger/Webserver/static at main · bgockeln/flask-docker-logger,https://github.com/bgockeln/flask-docker-logger/tree/main/Webserver/static
2025-07-24 12:49:49.827000,7,flask-docker-logger/Webserver at main · bgockeln/flask-docker-logger,https://github.com/bgockeln/flask-docker-logger/tree/main/Webserver
2025-07-24 12:49:46.249000,14,bgockeln/flask-docker-logger: Einfaches Docker Projekt mit simpler Website und einem Logger,https://github.com/bgockeln/flask-docker-logger
2025-07-24 12:49:40.201000,39,bgockeln (Ben),https://github.com/bgockeln
2025-07-24 12:49:37.214000,5,bgockeln/Conversations_with_AI,https://github.com/bgockeln/Conversations_with_AI/tree/main
2025-07-24 12:36:53.409000,2,Editing flask-docker-logger/README.md at main · bgockeln/flask-docker-logger,https://github.com/bgockeln/flask-docker-logger/edit/main/README.md
2025-07-24 12:21:32.316000,1,Conversations_with_AI/mental_health_and_ai.md at main · bgockeln/Conversations_with_AI,https://github.com/bgockeln/Conversations_with_AI/blob/main/mental_health_and_ai.md?plain=1
2025-07-24 12:21:29.132000,3,Conversations_with_AI/mental_health_and_ai.md at main · bgockeln/Conversations_with_AI,https://github.com/bgockeln/Conversations_with_AI/blob/main/mental_health_and_ai.md
2025-07-24 12:21:23.162000,3,bgockeln/Conversations_with_AI,https://github.com/bgockeln/Conversations_with_AI
2025-07-24 12:05:52.416000,6,bgockeln/bgockeln: Config files for my GitHub profile.,https://github.com/bgockeln/bgockeln
2025-07-24 12:04:46.834000,1,bgockeln/Browser_Forensic_Scripts,https://github.com/bgockeln/Browser_Forensic_Scripts
2025-07-24 12:03:56.226000,7,New repository,https://github.com/new
2025-07-24 12:03:54.393000,11,Your Repositories,https://github.com/bgockeln?tab=repositories
2025-07-24 10:30:21.671000,1,Check project for correctness,https://chatgpt.com/c/68820b54-d3cc-8327-8aca-d63fc6998af1
2025-07-24 10:29:54.364000,323,ChatGPT,https://chatgpt.com/
2025-07-24 10:27:37.080000,3,Digital forensics project ideas,https://chatgpt.com/c/687b63e0-c730-8007-a125-0ff7bbdb6ad7
2025-07-24 10:27:27.284000,3,Depression and suicide stats,https://chatgpt.com/c/68810e72-18cc-8331-a3ae-452cd3d7dc74
2025-07-24 10:27:18.983000,2,Mental health in USA legal system,https://chatgpt.com/c/6880b51e-f218-832e-aaa7-6ec139f3fa93
